{
    "title": "Engine Check",
    "visibility": "All",
    "expiry": 0,
    "isAnonymous": false,
    "isResponseAppended": true,
    "isLocationRequested": false,
    "questions": [{
            "title": "Registration Number",
            "type": "Text"
        },

        {
            "title": "Oil_level",
            "type": "Text"
        },
        {
            "title": "Radiator_fluid",
            "type": "Text"
        },
        {
            "title": "Clutch_brake_fluid",
            "type": "Text"
        },
        {
            "title": "Fan_belt_tightness",
            "type": "Text"
        },
        {
            "title": "Exhaust_pipe",
            "type": "Text"
        },
    
        {
            "title": "Fueltank_cap_leaks",
            "type": "Text"
        },

        {
            "title": "Date",
            "type": "Text"
        },
        {
            "title": "Comment",
            "type": "Text"
        },
        
        {
            "title": "Name",
            "type": "Text"
        },
        {
            "title": "Phone",
            "type": "Text"
        },
        {
            "title": "Location",
            "type": "Location"
        },
        {
            "title": "Response Time",
            "type": "DateTime"
        }
    ]
}