{
    "title": "Start Journey",
    "visibility": "All",
    "expiry": 0,
    "isAnonymous": false,
    "isResponseAppended": true,
    "isLocationRequested": false,
    "questions": [{
            "title": "Registration Number",
            "type": "Text"
        },
        {
            "title": "Date",
            "type": "Text"
        },
        {
            "title": "Current Odometer Reading",
            "type": "Text"
        },
       
        {
            "title": "Starting Point",
            "type": "Text"
        },
        {
            "title": "Name",
            "type": "Text"
        },
        {
            "title": "Phone",
            "type": "Text"
        },
        {
            "title": "Location",
            "type": "Location"
        },
        {
            "title": "Response Time",
            "type": "DateTime"
        }
    ]
}